[
    {
        "id": 1,
        "judul": "The Shawshank Redemption",
        "sinopsis": "Two imprisoned men bond over a number of years, finding solace and eventual redemption through acts of common decency.",
        "genre": "Drama",
        "rating": 9.3,
        "tahun": 1994,
        "imgUrl": "https://m.media-amazon.com/images/M/MV5BMDFkYTc0MGEtZmNhMC00ZDIzLWFmNTEtODM1ZmRlYWMwMWFmXkEyXkFqcGdeQXVyMTMxODk2OTU@._V1_UX67_CR0,0,67,98_AL_.jpg"
    },
    {
        "id": 2,
        "judul": "The Godfather",
        "sinopsis": "The aging patriarch of an organized crime dynasty transfers control of his clandestine empire to his reluctant son.",
        "genre": "Crime, Drama",
        "rating": 9.2,
        "tahun": 1972,
        "imgUrl": "https://m.media-amazon.com/images/M/MV5BM2MyNjYxNmUtYTAwNi00MTYxLWJmNWYtYzZlODY3ZTk3OTFlXkEyXkFqcGdeQXVyNzkwMjQ5NzM@._V1_UY98_CR1,0,67,98_AL_.jpg"
    },
    {
        "id": 3,
        "judul": "The Dark Knight",
        "sinopsis": "When the menace known as the Joker wreaks havoc and chaos on the people of Gotham, Batman must accept one of the greatest psychological and physical tests of his ability to fight injustice.",
        "genre": "Action, Crime, Drama",
        "rating": 9.0,
        "tahun": 2008,
        "imgUrl": "https://m.media-amazon.com/images/M/MV5BMTMxNTMwODM0NF5BMl5BanBnXkFtZTcwODAyMTk2Mw@@._V1_UX67_CR0,0,67,98_AL_.jpg"
    },
    {
        "id": 4,
        "judul": "The Godfather: Part II ",
        "sinopsis": "The early life and career of Vito Corleone in 1920s New York City is portrayed, while his son, Michael, expands and tightens his grip on the family crime syndicate.",
        "genre": "Crime, Drama",
        "rating": 9.0,
        "tahun": 1974,
        "imgUrl": "https://m.media-amazon.com/images/M/MV5BMWMwMGQzZTItY2JlNC00OWZiLWIyMDctNDk2ZDQ2YjRjMWQ0XkEyXkFqcGdeQXVyNzkwMjQ5NzM@._V1_UY98_CR1,0,67,98_AL_.jpg"
    },
    {
        "id": 5,
        "judul": "12 Angry Men",
        "sinopsis": "A jury holdout attempts to prevent a miscarriage of justice by forcing his colleagues to reconsider the evidence.",
        "genre": "Crime, Drama",
        "rating": 9.0,
        "tahun": 1957,
        "imgUrl": "https://m.media-amazon.com/images/M/MV5BMWU4N2FjNzYtNTVkNC00NzQ0LTg0MjAtYTJlMjFhNGUxZDFmXkEyXkFqcGdeQXVyNjc1NTYyMjg@._V1_UX67_CR0,0,67,98_AL_.jpg"
    },
    {
        "id": 6,
        "judul": "The Lord of the Rings: The Return of the King",
        "sinopsis": "Gandalf and Aragorn lead the World of Men against Sauron's army to draw his gaze from Frodo and Sam as they approach Mount Doom with the One Ring.",
        "genre": "Action, Adventure, Drama",
        "rating": 8.9,
        "tahun": 2003,
        "imgUrl": "https://m.media-amazon.com/images/M/MV5BNzA5ZDNlZWMtM2NhNS00NDJjLTk4NDItYTRmY2EwMWZlMTY3XkEyXkFqcGdeQXVyNzkwMjQ5NzM@._V1_UX67_CR0,0,67,98_AL_.jpg"
    },
    {
        "id": 7,
        "judul": "Pulp Fiction",
        "sinopsis": "The lives of two mob hitmen, a boxer, a gangster and his wife, and a pair of diner bandits intertwine in four tales of violence and redemption.",
        "genre": "Crime, Drama",
        "rating": 8.9,
        "tahun": 1994,
        "imgUrl": "https://m.media-amazon.com/images/M/MV5BNGNhMDIzZTUtNTBlZi00MTRlLWFjM2ItYzViMjE3YzI5MjljXkEyXkFqcGdeQXVyNzkwMjQ5NzM@._V1_UY98_CR0,0,67,98_AL_.jpg"
    },
    {
        "id": 8,
        "judul": "Schindler's List",
        "sinopsis": "In German-occupied Poland during World War II, industrialist Oskar Schindler gradually becomes concerned for his Jewish workforce after witnessing their persecution by the Nazis.",
        "genre": "Biography, Drama, History",
        "rating": 8.9,
        "tahun": 1993,
        "imgUrl": "https://m.media-amazon.com/images/M/MV5BNDE4OTMxMTctNmRhYy00NWE2LTg3YzItYTk3M2UwOTU5Njg4XkEyXkFqcGdeQXVyNjU0OTQ0OTY@._V1_UX67_CR0,0,67,98_AL_.jpg"
    },
    {
        "id": 9,
        "judul": "Fight Club",
        "sinopsis": "An insomniac office worker and a devil-may-care soapmaker form an underground fight club that evolves into something much, much more.",
        "genre": "Drama",
        "rating": 8.8,
        "tahun": 1999,
        "imgUrl": "https://m.media-amazon.com/images/M/MV5BMmEzNTkxYjQtZTc0MC00YTVjLTg5ZTEtZWMwOWVlYzY0NWIwXkEyXkFqcGdeQXVyNzkwMjQ5NzM@._V1_UX67_CR0,0,67,98_AL_.jpg"
    },
    {
        "id": 10,
        "judul": "The Lord of the Rings: The Fellowship of the Ring",
        "sinopsis": "A meek Hobbit from the Shire and eight companions set out on a journey to destroy the powerful One Ring and save Middle-earth from the Dark Lord Sauron.",
        "genre": "Action, Adventure, Drama",
        "rating": 8.8,
        "tahun": 2001,
        "imgUrl": "https://m.media-amazon.com/images/M/MV5BN2EyZjM3NzUtNWUzMi00MTgxLWI0NTctMzY4M2VlOTdjZWRiXkEyXkFqcGdeQXVyNDUzOTQ5MjY@._V1_UX67_CR0,0,67,98_AL_.jpg"
    }
]